[
	{
		"name": "Lucky Medal",
		"type": "consumable",
		"img": "images/lucky.png",
		"codes": "lucky",
		"max_quantity": 23
	},
	{
		"name": "Shaman's Rod",
		"type": "toggle",
		"img": "images/shaman.png",
		"codes": "shaman"
	},
	{
		"name": "Hermes Water",
		"type": "progressive",
		"allow_disabled": false,
		"stages": [
			{
			"img": "images/bottle.png",
			"img_mods": "@disabled"
			},
			{
			"img": "images/bottle.png",
			"codes": "bottle"
			},
			{
			"img": "images/hermes.png",
			"codes": "hermes"
			}
		]
	},
	{
		"name": "Anchor Charm",
		"type": "toggle",
		"img": "images/charm.png",
		"codes": "charm"
	},
	{
		"name": "Blue Key",
		"type": "consumable",
		"img": "images/bluekey.png",
		"codes": "bluekey",
		"max_quantity": 4
	},
	{
		"name": "Red Key",
		"type": "toggle",
		"img": "images/redkey.png",
		"codes": "redkey"
	},
	{
		"name": "Boat Ticket",
		"type": "toggle",
		"img": "images/ticket.png",
		"codes": "ticket"
	},
	{
		"name": "Dragon's Eye",
		"type": "toggle",
		"img": "images/eye.png",
		"codes": "eye"
	},
	{
		"name": "Cell Key",
		"type": "toggle",
		"img": "images/cellkey.png",
		"codes": "cellkey"
	},
	{
		"name": "Game Ticket",
		"type": "consumable",
		"img": "images/game.png",
		"codes": "game",
		"max_quantity": 30
	},
	{
		"name": "Mystic Draught",
		"type": "toggle",
		"img": "images/draught.png",
		"codes": "draught"
	},
	{
		"name": "Black Orb",
		"type": "toggle",
		"img": "images/blackorb.png",
		"codes": "blackorb"
	},
	{
		"name": "Enable Minors",
		"type": "progressive",
		"allow_disabled": false,
		"loop": "true",
		"stages": [
			{
			"img": "images/cookie.png",
			"img_mods": "@disabled"
			},
			{
			"img": "images/cookie.png",
			"codes": "opt_powerminor"
			},
			{
			"img": "images/nut.png",
			"codes": "minor,opt_minor"
			}
		]
	},
	{
		"name": "Enable Djinn",
		"type": "toggle",
		"img": "images/venus.png",
		"codes": "opt_djinn",
		"loop": "true"
	},
	{
		"name": "Herb",
		"type": "toggle",
		"img": "images/herb.png",
		"codes": "herb"
	},
	{
		"name": "Nut",
		"type": "toggle",
		"img": "images/nutitem.png",
		"codes": "nut"
	},
	{
		"name": "Vial",
		"type": "toggle",
		"img": "images/vial.png",
		"codes": "vial"
	},
	{
		"name": "Potion",
		"type": "toggle",
		"img": "images/potion.png",
		"codes": "potion"
	},
	{
		"name": "Corn",
		"type": "toggle",
		"img": "images/corn.png",
		"codes": "corn"
	}
]