[
  {
    "name": "Venus Djinn",
    "type": "consumable",
    "img": "images/venusdjinn.png",
    "codes": "flint",
	"max_quantity": 7
  },
  {
    "name": "Granite",
    "type": "toggle",
    "img": "images/venusdjinn.png",
    "codes": "granite"
  },
  {
    "name": "Quartz",
    "type": "toggle",
    "img": "images/venusdjinn.png",
    "codes": "quartz"
  },
  {
    "name": "Vine",
    "type": "toggle",
    "img": "images/venusdjinn.png",
    "codes": "vine"
  },
  {
    "name": "Sap",
    "type": "toggle",
    "img": "images/venusdjinn.png",
    "codes": "sap"
  },
  {
    "name": "Ground",
    "type": "toggle",
    "img": "images/venusdjinn.png",
    "codes": "ground"
  },
  {
    "name": "Bane",
    "type": "toggle",
    "img": "images/venusdjinn.png",
    "codes": "bane"
  },
  {
    "name": "Mars Djinn",
    "type": "consumable",
    "img": "images/marsdjinn.png",
    "codes": "forge",
	"max_quantity": 7
  },
  {
    "name": "Fever",
    "type": "toggle",
    "img": "images/marsdjinn.png",
    "codes": "fever"
  },
  {
    "name": "Corona",
    "type": "toggle",
    "img": "images/marsdjinn.png",
    "codes": "corona"
  },
  {
    "name": "Scorch",
    "type": "toggle",
    "img": "images/marsdjinn.png",
    "codes": "scorch"
  },
  {
    "name": "Ember",
    "type": "toggle",
    "img": "images/marsdjinn.png",
    "codes": "ember"
  },
  {
    "name": "Flash",
    "type": "toggle",
    "img": "images/marsdjinn.png",
    "codes": "flash"
  },
  {
    "name": "Torch",
    "type": "toggle",
    "img": "images/marsdjinn.png",
    "codes": "torch"
  },
  {
    "name": "Jupiter Djinn",
    "type": "consumable",
    "img": "images/jupiterdjinn.png",
    "codes": "gust",
	"max_quantity": 7
  },
  {
    "name": "Breeze",
    "type": "toggle",
    "img": "images/jupiterdjinn.png",
    "codes": "breeze"
  },
  {
    "name": "Zephyr",
    "type": "toggle",
    "img": "images/jupiterdjinn.png",
    "codes": "zephyr"
  },
  {
    "name": "Smog",
    "type": "toggle",
    "img": "images/jupiterdjinn.png",
    "codes": "smog"
  },
  {
    "name": "Kite",
    "type": "toggle",
    "img": "images/jupiterdjinn.png",
    "codes": "kite"
  },
  {
    "name": "Squall",
    "type": "toggle",
    "img": "images/jupiterdjinn.png",
    "codes": "squall"
  },
  {
    "name": "Luff",
    "type": "toggle",
    "img": "images/jupiterdjinn.png",
    "codes": "luff"
  },
  {
    "name": "Mercury Djinn",
    "type": "consumable",
    "img": "images/mercurydjinn.png",
    "codes": "fizz",
	"max_quantity": 7
  },
  {
    "name": "Sleet",
    "type": "toggle",
    "img": "images/mercurydjinn.png",
    "codes": "sleet"
  },
  {
    "name": "Mist",
    "type": "toggle",
    "img": "images/mercurydjinn.png",
    "codes": "mist"
  },
  {
    "name": "Spritz",
    "type": "toggle",
    "img": "images/mercurydjinn.png",
    "codes": "spritz"
  },
  {
    "name": "Hail",
    "type": "toggle",
    "img": "images/mercurydjinn.png",
    "codes": "hail"
  },
  {
    "name": "Tonic",
    "type": "toggle",
    "img": "images/mercurydjinn.png",
    "codes": "tonic"
  },
  {
    "name": "Dew",
    "type": "toggle",
    "img": "images/mercurydjinn.png",
    "codes": "dew"
  }
  
]