[
  {
    "name": "Carry Stone",
    "type": "toggle",
    "img": "images/carry.png",
    "codes": "carry"
  },
  {
    "name": "Catch Beads",
    "type": "toggle",
    "img": "images/catch.png",
    "codes": "catch"
  },
  {
    "name": "Cloak Ball",
    "type": "toggle",
    "img": "images/cloak.png",
    "codes": "cloak"
  },
  {
    "name": "Douse Drop",
    "type": "toggle",
    "img": "images/douse.png",
    "codes": "douse"
  },
  {
    "name": "Frost Jewel",
    "type": "toggle",
    "img": "images/frost.png",
    "codes": "frost"
  },
  {
    "name": "Halt Gem",
    "type": "toggle",
    "img": "images/halt.png",
    "codes": "halt"
  },
  {
    "name": "Lifting Gem",
    "type": "toggle",
    "img": "images/lift.png",
    "codes": "lift"
  },
  {
    "name": "Orb of Force",
    "type": "toggle",
    "img": "images/force.png",
    "codes": "force"
  },
  {
    "name": "Reveal",
    "type": "toggle",
    "img": "images/reveal.png",
    "codes": "reveal"
  },
  {
    "name": "Whirlwind",
    "type": "toggle",
    "img": "images/whirlwind.png",
    "codes": "whirlwind"
  },
  {
    "name": "Ply",
    "type": "toggle",
    "img": "images/ply.png",
    "codes": "ply"
  }
]