[
    {
		"name": "Weyard",
		"chest_unopened_img": "images/chest.png",
		"chest_opened_img": "images/chest_open.png",
		"children":[
		{
			"name": "Vale Cave",
			"access_rules": ["lift,reveal"],
			"map_locations": [
				{
					"map": "Weyard",
					"x": 919,
					"y": 603
				}
			],
				"sections": [
				  {
					"name": "Cave Chest",
					"item_count": 1,
					"clear_as_group": false,
					"visibility_rules": [ "opt_minor" ]
				  },
				  {
					"name": "Halt Gem",
					"item_count": 1,
					"clear_as_group": false,
					"access_rules": [],
				  },
				  {
					"name": "Kite",
					"item_count": 1,
					"chest_unopened_img": "images/jupiterdjinn.png",
					"chest_opened_img": "images/jupiter.png",
					"visibility_rules": [ "opt_djinn" ],
					"access_rules": ["halt"],
                    "capture_item": true,
					"capture_item_layout":"djinn_grid"
				  }
				]
		},
		{
			"name": "Vale",
			"map_locations": [
				{
					"map": "Weyard",
					"x": 934,
					"y": 605
				}
			],
				"sections": [
				  {
					"name": "Vale",
					"item_count": 8,
					"clear_as_group": false,
					"visibility_rules": [ "opt_minor" ]
				  },
				  {
					"name": "Locked Barn",
					"item_count": 2,
					"clear_as_group": false,
					"visibility_rules": [ "opt_minor" ],
					"access_rules": ["whirlwind, hermes, reveal"]
				  },
				  {
					"name": "Power Bread",
					"item_count": 1,
					"clear_as_group": false,
					"chest_unopened_img": "images/cookie.png",
					"chest_opened_img": "images/cookieblack.png",
					"visibility_rules": [ "opt_powerminor" ],
					"access_rules": ["whirlwind"]
				  },
				  {
					"name": "Nuts",
					"item_count": 1,
					"clear_as_group": false,
                    "capture_item": true,
					"chest_unopened_img": "images/nut.png",
					"chest_opened_img": "images/nutblack.png",
					"visibility_rules": [ "opt_minor" ],
					"access_rules":["catch"],
					"capture_item_layout":"capture_grid"
				  }
				]
		},
		{
			"name": "Flint",
			"map_locations": [
				{
					"map": "Weyard",
					"x": 887,
					"y": 649
				}
			],
				"sections": [
				  {
					"name": "Flint",
					"item_count": 1,
					"chest_unopened_img": "images/venusdjinn.png",
					"chest_opened_img": "images/venus.png",
					"visibility_rules": [ "opt_djinn" ],
                    "capture_item": true,
					"capture_item_layout":"djinn_grid"
				  }
				]
		},
		{
			"name": "Vault",
			"map_locations": [
				{
					"map": "Weyard",
					"x": 1022,
					"y": 789
				}
			],
				"sections": [
				  {
					"name": "Vault",
					"item_count": 4,
					"clear_as_group": false,
					"visibility_rules": [ "opt_minor" ]
				  },
				  {
					"name": "Mint",
					"item_count": 1,
					"clear_as_group": false,
					"chest_unopened_img": "images/cookie.png",
					"chest_opened_img": "images/cookieblack.png",
					"visibility_rules": [ "opt_powerminor" ]
				  },
				  {
					"name": "Mayor's Gift",
					"item_count": 1,
					"visibility_rules": [ "opt_minor" ]
				  },
				  {
					"name": "Cave",
					"item_count": 1,
					"visibility_rules": [ "opt_minor" ],
					"access_rules": ["reveal"]
				  },
				  {
					"name": "Sap",
					"item_count": 1,
					"chest_unopened_img": "images/venusdjinn.png",
					"chest_opened_img": "images/venus.png",
					"visibility_rules": [ "opt_djinn" ],
					"access_rules": ["reveal"],
                    "capture_item": true,
					"capture_item_layout":"djinn_grid"
				  }
				]
		},
		{
			"name": "Lunpa",
			"map_locations": [
				{
					"map": "Weyard",
					"x": 1039,
					"y": 567
				}
			],
				"sections": [
				  {
					"name": "Lunpa ",
					"item_count": 4,
					"clear_as_group": false,
					"visibility_rules": [ "opt_minor" ],
					"access_rules": ["frost"]
				  },
				  {
					"name": "Nuts",
					"item_count": 1,
					"clear_as_group": false,
                    "capture_item": true,
					"chest_unopened_img": "images/nut.png",
					"chest_opened_img": "images/nutblack.png",
					"visibility_rules": [ "opt_minor" ],
					"access_rules":["catch"],
					"capture_item_layout":"capture_grid"
				  },
				  {
					"name": "Secret Cache",
					"item_count": 6,
					"clear_as_group": false,
					"visibility_rules": [ "opt_minor" ],
					"access_rules": ["frost,reveal"]
				  },
				  {
					"name": "Storage Room Barrel",
					"item_count": 1,
					"clear_as_group": false,
					"visibility_rules": [ "opt_minor" ],
					"access_rules": ["frost,cloak"]
				  },
				  {
					"name": "Cell Key",
					"item_count": 1,
					"clear_as_group": false,
					"access_rules": ["frost,cloak,catch","cellkey,frost,cloak"]
				  },
				  {
					"name": "Fortress Treasure Room",
					"item_count": 4,
					"clear_as_group": false,
					"visibility_rules": [ "opt_minor" ],
					"access_rules": ["frost,cloak,cellkey"]
				  },
				  {
					"name": "Power Bread",
					"item_count": 1,
					"clear_as_group": false,
					"chest_unopened_img": "images/cookie.png",
					"chest_opened_img": "images/cookieblack.png",
					"visibility_rules": [ "opt_powerminor" ],
					"access_rules": ["frost,cloak,cellkey"]
				  },
				  {
					"name": "Tonic",
					"item_count": 1,
					"chest_unopened_img": "images/mercurydjinn.png",
					"chest_opened_img": "images/mercury.png",
					"visibility_rules": [ "opt_djinn" ],
					"access_rules": ["cellkey, cloak, frost"],
                    "capture_item": true,
					"capture_item_layout":"djinn_grid"
				  }
				]
		},
		{
			"name": "Goma Cave",
			"map_locations": [
				{
					"map": "Weyard",
					"x": 1322,
					"y": 602
				}
			],
				"sections": [
				  {
					"name": "Ivan",
					"hosted_item":"whirlwind",
					"chest_unopened_img": "images/ivan.png",
					"chest_opened_img": "images/jupiter.png"
				  },
				  {
					"name": "Cave",
					"item_count": 1,
					"visibility_rules": [ "opt_minor" ],
					"access_rules": ["whirlwind"]
				  },
				  {
					"name": "Forge",
					"item_count": 1,
					"chest_unopened_img": "images/marsdjinn.png",
					"chest_opened_img": "images/mars.png",
					"visibility_rules": [ "opt_djinn" ],
					"access_rules": ["whirlwind"],
                    "capture_item": true,
					"capture_item_layout":"djinn_grid"
				  }
				]
		},
		{
			"name": "Bilibin",
			"access_rules": ["whirlwind"],
			"map_locations": [
				{
					"map": "Weyard",
					"x": 1387,
					"y": 586
				}
			],
				"sections": [
				  {
					"name": "Bilibin",
					"item_count": 4,
					"clear_as_group": false,
					"visibility_rules": [ "opt_minor" ]
				  },
				  {
					"name": "Hard Nut",
					"item_count": 1,
					"clear_as_group": false,
					"chest_unopened_img": "images/cookie.png",
					"chest_opened_img": "images/cookieblack.png",
					"visibility_rules": [ "opt_powerminor" ]
				  },
				  {
					"name": "Nuts",
					"item_count": 1,
					"clear_as_group": false,
                    "capture_item": true,
					"chest_unopened_img": "images/nut.png",
					"chest_opened_img": "images/nutblack.png",
					"visibility_rules": [ "opt_minor" ],
					"access_rules":["catch"],
					"capture_item_layout":"capture_grid"
				  },
				  {
					"name": "McCoy Palace",
					"item_count": 2,
					"clear_as_group": false,
					"visibility_rules": [ "opt_minor" ]
				  },
				  {
					"name": "Gust",
					"item_count": 1,
					"chest_unopened_img": "images/jupiterdjinn.png",
					"chest_opened_img": "images/jupiter.png",
					"visibility_rules": [ "opt_djinn" ],
                    "capture_item": true,
					"capture_item_layout":"djinn_grid"
				  },
				  {
					"name": "Treasure Room",
					"item_count": 1,
					"clear_as_group": false,
					"visibility_rules": [ "opt_minor" ],
					"access_rules": ["hermes"]
				  }
				]
		},
		{
			"name": "Turtle Boots",
			"access_rules": ["whirlwind"],
			"map_locations": [
				{
					"map": "Weyard",
					"x": 1493,
					"y": 609
				}
			],
				"sections": [
				  {
					"name": "Item",
					"item_count": 1,
					"visibility_rules": [ "opt_minor" ]
				  }
				]
		},
		{
			"name": "Kolima Forest",
			"access_rules": ["whirlwind"],
			"map_locations": [
				{
					"map": "Weyard",
					"x": 1675,
					"y": 531
				}
			],
				"sections": [
				  {
					"name": "Forest",
					"item_count": 1,
					"visibility_rules": [ "opt_minor" ]
				  },
				  {
					"name": "Nuts",
					"item_count": 1,
					"clear_as_group": false,
                    "capture_item": true,
					"chest_unopened_img": "images/nut.png",
					"chest_opened_img": "images/nutblack.png",
					"visibility_rules": [ "opt_minor" ],
					"access_rules":["catch"],
					"capture_item_layout":"capture_grid"
				  },
				  {
					"name": "Tret",
					"item_count": 2,
					"clear_as_group": false,
					"visibility_rules": [ "opt_minor" ]
				  },
				  {
					"name": "Breeze",
					"item_count": 1,
					"chest_unopened_img": "images/jupiterdjinn.png",
					"chest_opened_img": "images/jupiter.png",
					"visibility_rules": [ "opt_djinn" ],
                    "capture_item": true,
					"capture_item_layout":"djinn_grid"
				  }
				]
		},
		{
			"name": "Kolima",
			"access_rules": ["whirlwind"],
			"map_locations": [
				{
					"map": "Weyard",
					"x": 1773,
					"y": 614
				}
			],
				"sections": [
				  {
					"name": "Kolima",
					"item_count": 3,
					"clear_as_group": false,
					"visibility_rules": [ "opt_minor" ]
				  },
				  {
					"name": "Apple",
					"item_count": 1,
					"clear_as_group": false,
					"chest_unopened_img": "images/cookie.png",
					"chest_opened_img": "images/cookieblack.png",
					"visibility_rules": [ "opt_powerminor" ]
				  },
				  {
					"name": "Granite",
					"item_count": 1,
					"chest_unopened_img": "images/venusdjinn.png",
					"chest_opened_img": "images/venus.png",
					"visibility_rules": [ "opt_djinn" ],
                    "capture_item": true,
					"capture_item_layout":"djinn_grid"
				  }
				]
		},
		{
			"name": "Bilibin Cave",
			"access_rules": ["whirlwind"],
			"map_locations": [
				{
					"map": "Weyard",
					"x": 1151,
					"y": 313
				}
			],
				"sections": [
				  {
					"name": "Cave Early",
					"item_count": 2,
					"clear_as_group": false,
					"visibility_rules": [ "opt_minor" ]
				  },
				  {
					"name": "Cave Late",
					"item_count": 2,
					"clear_as_group": false,
					"visibility_rules": [ "opt_minor" ],
					"access_rules": ["douse,reveal"]
				  }
				]
		},
		{
			"name": "Imil",
			"access_rules": ["whirlwind"],
			"map_locations": [
				{
					"map": "Weyard",
					"x": 1066,
					"y": 125
				}
			],
				"sections": [
				  {
					"name": "Imil",
					"item_count": 4,
					"clear_as_group": false,
					"visibility_rules": [ "opt_minor" ]
				  },
				  {
					"name": "Lucky Pepper",
					"item_count": 1,
					"clear_as_group": false,
					"chest_unopened_img": "images/cookie.png",
					"chest_opened_img": "images/cookieblack.png",
					"visibility_rules": [ "opt_powerminor" ]
				  },
				  {
					"name": "Empty Bottle",
					"item_count": 1,
					"clear_as_group": false
				  },
				  {
					"name": "Fever",
					"item_count": 1,
					"chest_unopened_img": "images/marsdjinn.png",
					"chest_opened_img": "images/mars.png",
					"visibility_rules": [ "opt_djinn" ],
                    "capture_item": true,
					"capture_item_layout":"djinn_grid"
				  }
				]
		},
		{
			"name": "Fuchin Temple",
			"access_rules": ["whirlwind, hermes"],
			"map_locations": [
				{
					"map": "Weyard",
					"x": 2034,
					"y": 779
				}
			],
				"sections": [
				  {
					"name": "Temple",
					"item_count": 1,
					"visibility_rules": [ "opt_minor" ]
				  },
				  {
					"name": "Cave",
					"item_count": 1,
					"clear_as_group": false,
					"visibility_rules": [ "opt_minor" ]
				  },
				  {
					"name": "Dragon's Eye",
					"item_count": 1,
					"clear_as_group": false
				  },
				  {
					"name": "Orb of Force",
					"item_count": 1,
					"clear_as_group": false,
					"access_rules": ["eye"]
				  },
				  {
					"name": "Zephyr",
					"item_count": 1,
					"chest_unopened_img": "images/jupiterdjinn.png",
					"chest_opened_img": "images/jupiter.png",
					"visibility_rules": [ "opt_djinn" ],
                    "capture_item": true,
					"capture_item_layout":"djinn_grid"
				  }
				]
		},
		{
			"name": "Mogall Forest",
			"access_rules": ["whirlwind, hermes"],
			"map_locations": [
				{
					"map": "Weyard",
					"x": 2008,
					"y": 949
				}
			],
				"sections": [
				  {
					"name": "Rock + Log Chest",
					"item_count": 1,
					"clear_as_group": false,
					"visibility_rules": [ "opt_minor" ]
				  },
				  {
					"name": "Apple",
					"item_count": 1,
					"clear_as_group": false,
					"chest_unopened_img": "images/cookie.png",
					"chest_opened_img": "images/cookieblack.png",
					"visibility_rules": [ "opt_powerminor" ]
				  },
				  {
					"name": "Nuts",
					"item_count": 1,
					"clear_as_group": false,
                    "capture_item": true,
					"chest_unopened_img": "images/nut.png",
					"chest_opened_img": "images/nutblack.png",
					"visibility_rules": [ "opt_minor" ],
					"access_rules":["catch"],
					"capture_item_layout":"capture_grid"
				  },
				  {
					"name": "Quartz",
					"item_count": 1,
					"chest_unopened_img": "images/venusdjinn.png",
					"chest_opened_img": "images/venus.png",
					"visibility_rules": [ "opt_djinn" ],
                    "capture_item": true,
					"capture_item_layout":"djinn_grid"
				  }
				]
		},
		{
			"name": "Xian",
			"access_rules": ["whirlwind, hermes"],
			"map_locations": [
				{
					"map": "Weyard",
					"x": 1871,
					"y": 982
				}
			],
				"sections": [
				  {
					"name": "Xian",
					"item_count": 3,
					"clear_as_group": false,
					"visibility_rules": [ "opt_minor" ]
				  },
				  {
					"name": "Mist",
					"item_count": 1,
					"chest_unopened_img": "images/mercurydjinn.png",
					"chest_opened_img": "images/mercury.png",
					"visibility_rules": [ "opt_djinn" ],
					"access_rules": ["frost"],
                    "capture_item": true,
					"capture_item_layout":"djinn_grid"
				  }
				]
		},
		{
			"name": "Corona",
			"access_rules": ["whirlwind, hermes"],
			"map_locations": [
				{
					"map": "Weyard",
					"x": 1783,
					"y": 687
				}
			],
				"sections": [
				  {
					"name": "Corona",
					"item_count": 1,
					"chest_unopened_img": "images/marsdjinn.png",
					"chest_opened_img": "images/mars.png",
					"visibility_rules": [ "opt_djinn" ],
                    "capture_item": true,
					"capture_item_layout":"djinn_grid"
				  }
				]
		},
		{
			"name": "Alpine Crossing",
			"access_rules": ["whirlwind, hermes, frost"],
			"map_locations": [
				{
					"map": "Weyard",
					"x": 1624,
					"y": 877
				}
			],
				"sections": [
				  {
					"name": "Power Bread",
					"item_count": 1,
					"clear_as_group": false,
					"chest_unopened_img": "images/cookie.png",
					"chest_opened_img": "images/cookieblack.png",
					"visibility_rules": [ "opt_powerminor" ]
				  }
				]
		},
		{
			"name": "Lama Temple",
			"access_rules": ["whirlwind, hermes, lift"],
			"map_locations": [
				{
					"map": "Weyard",
					"x": 1525,
					"y": 855
				}
			],
				"sections": [
				  {
					"name": "Temple",
					"item_count": 1,
					"clear_as_group": false,
					"visibility_rules": [ "opt_minor" ]
				  },
				  {
					"name": "Hidden Item",
					"item_count": 1,
					"clear_as_group": false,
					"visibility_rules": [ "opt_minor" ],
					"access_rules": ["reveal"]
				  },
				  {
					"name": "Reveal",
					"hosted_item": "reveal",
					"access_rules": []
				  }
				]
		},
		{
			"name": "Lamakan Desert",
			"access_rules": ["whirlwind, hermes, lift"],
			"map_locations": [
				{
					"map": "Weyard",
					"x": 1351,
					"y": 1003
				}
			],
				"sections": [
				  {
					"name": "Desert",
					"item_count": 3,
					"clear_as_group": false,
					"visibility_rules": [ "opt_minor" ],
					"access_rules": ["reveal"]
				  },
				  {
					"name": "Lucky Pepper + Mint",
					"item_count": 2,
					"clear_as_group": false,
					"chest_unopened_img": "images/cookie.png",
					"chest_opened_img": "images/cookieblack.png",
					"visibility_rules": [ "opt_powerminor" ],
					"access_rules": ["reveal"]
				  },
				  {
					"name": "Smog",
					"item_count": 1,
					"chest_unopened_img": "images/jupiterdjinn.png",
					"chest_opened_img": "images/jupiter.png",
					"visibility_rules": [ "opt_djinn" ],
					"access_rules": ["reveal"],
                    "capture_item": true,
					"capture_item_layout":"djinn_grid"
				  }
				]
		},
		{
			"name": "Vine",
			"access_rules": ["whirlwind, hermes, reveal"],
			"map_locations": [
				{
					"map": "Weyard",
					"x": 1062,
					"y": 1062
				}
			],
				"sections": [
				  {
					"name": "Vine",
					"item_count": 1,
					"chest_unopened_img": "images/venusdjinn.png",
					"chest_opened_img": "images/venus.png",
					"visibility_rules": [ "opt_djinn" ],
                    "capture_item": true,
					"capture_item_layout":"djinn_grid"
				  }
				]
		},
		{
			"name": "Kalay",
			"access_rules": ["whirlwind, hermes, reveal"],
			"map_locations": [
				{
					"map": "Weyard",
					"x": 892,
					"y": 1063
				}
			],
				"sections": [
				  {
					"name": "Kalay",
					"item_count": 5,
					"clear_as_group": false,
					"visibility_rules": [ "opt_minor" ]
				  },
				  {
					"name": "Nuts",
					"item_count": 2,
					"clear_as_group": false,
                    "capture_item": true,
					"chest_unopened_img": "images/nut.png",
					"chest_opened_img": "images/nutblack.png",
					"visibility_rules": [ "opt_minor" ],
					"access_rules":["catch"],
					"capture_item_layout":"capture_grid"
				  },
				  {
					"name": "Hammet's Mansion",
					"item_count": 2,
					"visibility_rules": [ "opt_minor" ]
				  },
				  {
					"name": "Scorch",
					"item_count": 1,
					"chest_unopened_img": "images/marsdjinn.png",
					"chest_opened_img": "images/mars.png",
					"visibility_rules": [ "opt_djinn" ],
                    "capture_item": true,
					"capture_item_layout":"djinn_grid"
				  },
				  {
					"name": "Kalay Sewer",
					"item_count": 5,
					"clear_as_group": false,
					"visibility_rules": [ "opt_minor" ],
					"access_rules": ["cloak, frost, cellkey"]
				  },
				  {
					"name": "Kalay Sewer Apple",
					"item_count": 1,
					"clear_as_group": false,
					"visibility_rules": [ "opt_minor" ],
					"access_rules": ["cloak, frost, cellkey"],
					"chest_unopened_img": "images/cookie.png",
					"chest_opened_img": "images/cookieblack.png",
					"visibility_rules": [ "opt_powerminor" ]
				  }
				]
		},
		{
			"name": "Kalay Docks",
			"access_rules": ["whirlwind, hermes, reveal"],
			"map_locations": [
				{
					"map": "Weyard",
					"x": 812,
					"y": 1113
				}
			],
				"sections": [
				  {
					"name": "Boat Ticket",
					"item_count": 1,
					"clear_as_group": false
				  },
				  {
					"name": "Ship",
					"item_count": 3,
					"clear_as_group": false,
					"visibility_rules": [ "opt_minor" ]
				  },
				  {
					"name": "Ground",
					"item_count": 1,
					"chest_unopened_img": "images/venusdjinn.png",
					"chest_opened_img": "images/venus.png",
					"visibility_rules": [ "opt_djinn" ],
                    "capture_item": true,
					"capture_item_layout":"djinn_grid"
				  },
				  {
					"name": "Anchor Charm",
					"item_count": 1
				  }
				]
		},
		{
			"name": "Tolbi Docks",
			"access_rules": ["whirlwind, hermes, reveal, ticket, charm"],
			"map_locations": [
				{
					"map": "Weyard",
					"x": 604,
					"y": 1163
				}
			],
				"sections": [
				  {
					"name": "Dock",
					"item_count": 2,
					"clear_as_group": false,
					"visibility_rules": [ "opt_minor" ]
				  }
				]
		},
		{
			"name": "Tolbi",
			"access_rules": ["whirlwind, hermes, reveal, ticket, charm"],
			"map_locations": [
				{
					"map": "Weyard",
					"x": 547,
					"y": 1141
				}
			],
				"sections": [
				  {
					"name": "Tolbi",
					"item_count": 4,
					"clear_as_group": false,
					"visibility_rules": [ "opt_minor" ]
				  },
				  {
					"name": "Power Bread",
					"item_count": 1,
					"clear_as_group": false,
					"chest_unopened_img": "images/cookie.png",
					"chest_opened_img": "images/cookieblack.png",
					"visibility_rules": [ "opt_powerminor" ]
				  },
				  {
					"name": "Ember",
					"item_count": 1,
					"chest_unopened_img": "images/marsdjinn.png",
					"chest_opened_img": "images/mars.png",
					"visibility_rules": [ "opt_djinn" ],
                    "capture_item": true,
					"capture_item_layout":"djinn_grid"
				  },
				  {
					"name": "Man at Stand",
					"item_count": 1,
					"visibility_rules": [ "opt_minor" ],
					"access_rules": ["draught"]
				  },
				  {
					"name": "East Tower Barrel",
					"item_count": 1,
					"clear_as_group": false,
					"visibility_rules": [ "opt_minor" ]
				  },
				  {
					"name": "Hard Nut",
					"item_count": 1,
					"clear_as_group": false,
					"chest_unopened_img": "images/cookie.png",
					"chest_opened_img": "images/cookieblack.png",
					"visibility_rules": [ "opt_powerminor" ]
				  },
				  {
					"name": "Lure Cap",
					"item_count": 1,
					"clear_as_group": false,
					"visibility_rules": [ "opt_minor" ],
					"access_rules": ["draught"]
				  },
				  {
					"name": "Cloak Ball",
					"item_count": 1,
					"access_rules": ["draught"]
				  }
				]
		},
		{
			"name": "Hail",
			"access_rules": ["whirlwind, hermes, reveal, ticket, charm"],
			"map_locations": [
				{
					"map": "Weyard",
					"x": 335,
					"y": 1173
				}
			],
				"sections": [
				  {
					"name": "Hail",
					"item_count": 1,
					"chest_unopened_img": "images/mercurydjinn.png",
					"chest_opened_img": "images/mercury.png",
					"visibility_rules": [ "opt_djinn" ],
                    "capture_item": true,
					"capture_item_layout":"djinn_grid"
				  }
				]
		},
		{
			"name": "Altmiller Cave",
			"access_rules": ["whirlwind, hermes, reveal, ticket, charm"],
			"map_locations": [
				{
					"map": "Weyard",
					"x": 513,
					"y": 980
				}
			],
				"sections": [
				  {
					"name": "Dead End Vial",
					"item_count": 1,
					"clear_as_group": false,
					"visibility_rules": [ "opt_minor" ]
				  },
				  {
					"name": "Cookie",
					"item_count": 1,
					"clear_as_group": false,
					"chest_unopened_img": "images/cookie.png",
					"chest_opened_img": "images/cookieblack.png",
					"visibility_rules": [ "opt_powerminor" ]
				  },
				  {
					"name": "Mystic Draught",
					"item_count": 1,
					"clear_as_group": false
				  },
				  {
					"name": "Squall",
					"item_count": 1,
					"chest_unopened_img": "images/jupiterdjinn.png",
					"chest_opened_img": "images/jupiter.png",
					"visibility_rules": [ "opt_djinn" ],
                    "capture_item": true,
					"capture_item_layout":"djinn_grid"
				  }
				]
		},
		{
			"name": "Gondowan Cave",
			"access_rules": ["whirlwind, hermes, reveal, ticket, charm"],
			"map_locations": [
				{
					"map": "Weyard",
					"x": 881,
					"y": 1236
				}
			],
				"sections": [
				  {
					"name": "Lucky Medal",
					"item_count": 1,
					"clear_as_group": false,
					"visibility_rules": [ "opt_minor" ]
				  },
				  {
					"name": "Apple",
					"item_count": 1,
					"clear_as_group": false,
					"chest_unopened_img": "images/cookie.png",
					"chest_opened_img": "images/cookieblack.png",
					"visibility_rules": [ "opt_powerminor" ]
				  }
				]
		},
		{
			"name": "Suhalla Village",
			"access_rules": ["whirlwind, hermes, reveal, ticket, charm"],
			"map_locations": [
				{
					"map": "Weyard",
					"x": 803,
					"y": 1417
				}
			],
				"sections": [
				  {
					"name": "Suhalla",
					"item_count": 3,
					"clear_as_group": false,
					"visibility_rules": [ "opt_minor" ]
				  },
				  {
					"name": "Hard Nut",
					"item_count": 1,
					"clear_as_group": false,
					"chest_unopened_img": "images/cookie.png",
					"chest_opened_img": "images/cookieblack.png",
					"visibility_rules": [ "opt_powerminor" ]
				  }
				]
		},
		{
			"name": "Suhalla Desert",
			"access_rules": ["whirlwind, hermes, reveal, douse, ticket, charm"],
			"map_locations": [
				{
					"map": "Weyard",
					"x": 800,
					"y": 1560
				}
			],
				"sections": [
				  {
					"name": "Desert",
					"item_count": 2,
					"clear_as_group": false,
					"visibility_rules": [ "opt_minor" ]
				  },
				  {
					"name": "Cookie",
					"item_count": 1,
					"clear_as_group": false,
					"chest_unopened_img": "images/cookie.png",
					"chest_opened_img": "images/cookieblack.png",
					"visibility_rules": [ "opt_powerminor" ]
				  },
				  {
					"name": "Flash",
					"item_count": 1,
					"chest_unopened_img": "images/marsdjinn.png",
					"chest_opened_img": "images/mars.png",
					"visibility_rules": [ "opt_djinn" ],
                    "capture_item": true,
					"capture_item_layout":"djinn_grid"
				  }
				]
		},
		{
			"name": "Suhalla Gate",
			"access_rules": ["whirlwind, hermes, reveal, douse, ticket, charm"],
			"map_locations": [
				{
					"map": "Weyard",
					"x": 1032,
					"y": 1645
				}
			],
				"sections": [
				  {
					"name": "Mint",
					"item_count": 1,
					"clear_as_group": false,
					"chest_unopened_img": "images/cookie.png",
					"chest_opened_img": "images/cookieblack.png",
					"visibility_rules": [ "opt_powerminor" ]
				  },
				  {
					"name": "Dew",
					"item_count": 1,
					"chest_unopened_img": "images/mercurydjinn.png",
					"chest_opened_img": "images/mercury.png",
					"visibility_rules": [ "opt_djinn" ],
                    "capture_item": true,
					"capture_item_layout":"djinn_grid"
				  }
				]
		},
		{
			"name": "Lalivero",
			"access_rules": ["whirlwind, hermes, reveal, douse, ticket, charm"],
			"map_locations": [
				{
					"map": "Weyard",
					"x": 1093,
					"y": 1441
				}
			],
				"sections": [
				  {
					"name": "Lalivero",
					"item_count": 6,
					"clear_as_group": false,
					"visibility_rules": [ "opt_minor" ]
				  },
				  {
					"name": "Black Orb",
					"item_count": 1,
					"clear_as_group": false,
					"access_rules": ["carry"]
				  },
				  {
					"name": "Torch",
					"item_count": 1,
					"chest_unopened_img": "images/marsdjinn.png",
					"chest_opened_img": "images/mars.png",
					"visibility_rules": [ "opt_djinn" ],
                    "capture_item": true,
					"capture_item_layout":"djinn_grid"
				  }
				]
		},
		{
			"name": "Babi Lighthouse",
			"access_rules": ["whirlwind, hermes, reveal, douse, ticket, charm"],
			"map_locations": [
				{
					"map": "Weyard",
					"x": 1093,
					"y": 1396
				}
			],
				"sections": [
				  {
					"name": "Lucky Pepper",
					"item_count": 1,
					"clear_as_group": false,
					"chest_unopened_img": "images/cookie.png",
					"chest_opened_img": "images/cookieblack.png",
					"visibility_rules": [ "opt_powerminor" ]
				  },
				  {
					"name": "Luff",
					"item_count": 1,
					"chest_unopened_img": "images/jupiterdjinn.png",
					"chest_opened_img": "images/jupiter.png",
					"visibility_rules": [ "opt_djinn" ],
                    "capture_item": true,
					"capture_item_layout":"djinn_grid"
				  }
				]
		},
		{
			"name": "Venus Lighthouse",
			"access_rules": ["whirlwind, hermes, reveal, douse, ticket, charm"],
			"map_locations": [
				{
					"map": "Weyard",
					"x": 1141,
					"y": 1588
				}
			],
				"sections": [
				  {
					"name": "Entry",
					"item_count": 1,
					"clear_as_group": false,
					"visibility_rules": [ "opt_minor" ]
				  },
				  {
					"name": "Carry Stone",
					"item_count": 1,
					"clear_as_group": false
				  },
				  {
					"name": "Right Path",
					"item_count": 1,
					"clear_as_group": false,
					"visibility_rules": [ "opt_minor" ],
					"access_rules": ["carry"]
				  },
				  {
					"name": "Left Path",
					"item_count": 1,
					"clear_as_group": false,
					"visibility_rules": [ "opt_minor" ],
					"access_rules": ["carry"]
				  },
				  {
					"name": "Lighthouse",
					"item_count": 3,
					"clear_as_group": false,
					"visibility_rules": [ "opt_minor" ],
					"access_rules": ["carry"]
				  }
				]
		},
		{
			"name": "Mercury Lighthouse",
			"access_rules": ["whirlwind"],
			"map_locations": [
				{
					"map": "Weyard",
					"x": 1110,
					"y": 87
				}
			],
				"sections": [
				  {
					"name": "Mia + Fizz",
					"hosted_item":"ply",
					"clear_as_group": false,
					"chest_unopened_img": "images/mia.png",
					"chest_opened_img": "images/mercury.png"
				  },
				  {
					"name": "Lighthouse",
					"item_count": 4,
					"clear_as_group": false,
					"visibility_rules": [ "opt_minor" ],
					"access_rules": ["ply"]
				  },
				  {
					"name": "Sleet",
					"item_count": 1,
					"chest_unopened_img": "images/mercurydjinn.png",
					"chest_opened_img": "images/mercury.png",
					"visibility_rules": [ "opt_djinn" ],
					"access_rules": ["ply"],
                    "capture_item": true,
					"capture_item_layout":"djinn_grid"
				  }
				]
		},
		{
			"name": "Altin Mines",
			"access_rules": ["whirlwind, hermes"],
			"map_locations": [
				{
					"map": "Weyard",
					"x": 1563,
					"y": 812
				}
			],
				"sections": [
				  {
					"name": "Behind Statue",
					"item_count": 1,
					"clear_as_group": false,
					"visibility_rules": [ "opt_minor" ]
				  },
				  {
					"name": "Frost Jewel",
					"access_rules": [],
					"item_count": 1
				  },
				  {
					"name": "Cookie",
					"item_count": 1,
					"clear_as_group": false,
					"chest_unopened_img": "images/cookie.png",
					"chest_opened_img": "images/cookieblack.png",
					"visibility_rules": [ "opt_powerminor" ],
					"access_rules": ["frost,lift"]
				  },
				  {
					"name": "Altin Mines",
					"item_count": 2,
					"clear_as_group": false,
					"visibility_rules": [ "opt_minor" ],
					"access_rules": ["frost"]
				  },
				  {
					"name": "Near Exit",
					"item_count": 1,
					"clear_as_group": false,
					"visibility_rules": [ "opt_minor" ],
					"access_rules": ["lift"]
				  },
				  {
					"name": "Lucky Medal",
					"item_count": 1,
					"clear_as_group": false,
					"visibility_rules": [ "opt_minor" ]
				  },
				  {
					"name": "Lifting Gem",
					"item_count": 1,
					"access_rules": ["frost"]
				  },
				  {
					"name": "Spritz",
					"item_count": 1,
					"chest_unopened_img": "images/mercurydjinn.png",
					"chest_opened_img": "images/mercury.png",
					"visibility_rules": [ "opt_djinn" ],
					"access_rules": ["frost"],
                    "capture_item": true,
					"capture_item_layout":"djinn_grid"
				  }
				]
		},
		{
			"name": "Altin",
			"access_rules": ["whirlwind, hermes"],
			"map_locations": [
				{
					"map": "Weyard",
					"x": 1586,
					"y": 808
				}
			],
				"sections": [
				  {
					"name": "Altin",
					"item_count": 3,
					"clear_as_group": false,
					"visibility_rules": [ "opt_minor" ]
				  }
				]
		},
		{
			"name": "Crossbone Isle",
			"access_rules": ["whirlwind, hermes, reveal, douse, ticket, charm"],
			"map_locations": [
				{
					"map": "Weyard",
					"x": 385,
					"y": 226
				}
			],
				"sections": [
				  {
					"name": "Outside",
					"item_count": 1,
					"clear_as_group": false,
					"visibility_rules": [ "opt_minor" ]
				  },
				  {
					"name": "Mint",
					"item_count": 1,
					"clear_as_group": false,
					"chest_unopened_img": "images/cookie.png",
					"chest_opened_img": "images/cookieblack.png",
					"visibility_rules": [ "opt_powerminor" ]
				  },
				  {
					"name": "Nuts",
					"item_count": 1,
					"clear_as_group": false,
                    "capture_item": true,
					"chest_unopened_img": "images/nut.png",
					"chest_opened_img": "images/nutblack.png",
					"visibility_rules": [ "opt_minor" ],
					"access_rules":["catch"],
					"capture_item_layout":"capture_grid"
				  },
				  {
					"name": "Floor 1",
					"item_count": 3,
					"clear_as_group": false,
					"visibility_rules": [ "opt_minor" ]
				  },
				  {
					"name": "Hard Nut",
					"item_count": 1,
					"clear_as_group": false,
					"chest_unopened_img": "images/cookie.png",
					"chest_opened_img": "images/cookieblack.png",
					"visibility_rules": [ "opt_powerminor" ]
				  },
				  {
					"name": "Floor 2",
					"item_count": 3,
					"clear_as_group": false,
					"visibility_rules": [ "opt_minor" ]
				  },
				  {
					"name": "Lucky Pepper",
					"item_count": 1,
					"clear_as_group": false,
					"chest_unopened_img": "images/cookie.png",
					"chest_opened_img": "images/cookieblack.png",
					"visibility_rules": [ "opt_powerminor" ]
				  },
				  {
					"name": "Floor 3",
					"item_count": 3,
					"clear_as_group": false,
					"visibility_rules": [ "opt_minor" ]
				  },
				  {
					"name": "Red Key",
					"item_count": 1,
					"clear_as_group": false,
					"access_rules": ["catch"]
				  },
				  {
					"name": "Cookie",
					"item_count": 1,
					"clear_as_group": false,
					"chest_unopened_img": "images/cookie.png",
					"chest_opened_img": "images/cookieblack.png",
					"visibility_rules": [ "opt_powerminor" ]
				  },
				  {
					"name": "Stop the Statue",
					"item_count": 1,
					"clear_as_group": false,
					"visibility_rules": [ "opt_minor" ],
					"access_rules": ["redkey, halt"]
				  },
				  {
					"name": "Sneak Past",
					"item_count": 2,
					"clear_as_group": false,
					"visibility_rules": [ "opt_minor" ],
					"access_rules": ["redkey, halt, cloak"]
				  },
				  {
					"name": "Near Exit",
					"item_count": 1,
					"clear_as_group": false,
					"visibility_rules": [ "opt_minor" ],
					"access_rules": ["redkey, cloak"]
				  },
				  {
					"name": "Floor 5",
					"item_count": 4,
					"clear_as_group": false,
					"visibility_rules": [ "opt_minor" ],
					"access_rules": ["redkey, cloak"]
				  },
				  {
					"name": "Floor 6 Early",
					"item_count": 1,
					"clear_as_group": false,
					"visibility_rules": [ "opt_minor" ],
					"access_rules": ["redkey, cloak"]
				  },
				  {
					"name": "Floor 6",
					"item_count": 3,
					"clear_as_group": false,
					"visibility_rules": [ "opt_minor" ],
					"access_rules": ["redkey, cloak, frost"]
				  },
				  {
					"name": "Bane",
					"item_count": 1,
					"chest_unopened_img": "images/venusdjinn.png",
					"chest_opened_img": "images/venus.png",
					"visibility_rules": [ "opt_djinn" ],
					"access_rules": ["redkey, cloak, frost, halt"],
                    "capture_item": true,
					"capture_item_layout":"djinn_grid"
				  },
				  {
					"name": "Floor 7",
					"item_count": 4,
					"clear_as_group": false,
					"visibility_rules": [ "opt_minor" ],
					"access_rules": ["redkey, cloak, frost, carry"]
				  },
				  {
					"name": "Floor 8",
					"item_count": 4,
					"clear_as_group": false,
					"visibility_rules": [ "opt_minor" ],
					"access_rules": ["redkey, cloak, frost, carry"]
				  },
				  {
					"name": "Floor 9",
					"item_count": 4,
					"clear_as_group": false,
					"visibility_rules": [ "opt_minor" ],
					"access_rules": ["redkey, cloak, frost, carry"]
				  },
				  {
					"name": "Ship",
					"item_count": 1,
					"visibility_rules": [ "opt_minor" ],
					"access_rules": ["redkey, cloak, frost, carry"]
				  }
				]
		},
		{
			"name": "Big Boss Drop",
			"access_rules": ["whirlwind, hermes, reveal, ticket, charm"],
			"map_locations": [
				{
					"map": "Weyard",
					"x": 408,
					"y": 227
				},
				{
					"map": "Weyard",
					"x": 727,
					"y": 1181
				},
				{
					"map": "Weyard",
					"x": 1073,
					"y": 557
				},
				{
					"map": "Weyard",
					"x": 766,
					"y": 1570
				}
			],
				"sections": [
				  {
					"name": "Douse Drop",
					"item_count": 1,
					"clear_as_group": false
				  }
				]
		}
		]
    }
]