{
    "djinn_grid": {
        "type":"array",
        "orientation": "horizontal",
        "content": [
            {
                "type": "itemgrid",
                "h_alignment": "center",
                "item_margin": "0,0",
				"item_size": 50,
                "rows": [
                    [ "flint", "forge", "gust", "fizz"]
                ]
            }            
        ]
    },
	"djinn_grid_broadcast": {
        "type":"array",
        "orientation": "vertical",
        "content": [
            {
                "type": "itemgrid",
                "v_alignment": "center",
                "item_margin": "0,6",
				"item_size": 50,
                "rows": [
                    ["flint"],
					["forge"],
					["gust"],
					["fizz"]
                ]
            }            
        ]
    },
	"keyitem_grid": {
        "type":"array",
        "orientation": "horizontal",
        "content": [
            {
                "type": "itemgrid",
                "h_alignment": "center",
                "item_margin": "1,1",
				"item_size": 50,
                "rows": [
                    [ "opt_djinn", "lucky", "game", "minor"],
                    ["bottle", "eye", "ticket", "charm"],
                    ["redkey", "cellkey", "draught", "blackorb"]
                ]
            }            
        ]
    },
	"psynergy_grid": {
        "type":"array",
        "orientation": "vertical",
        "content": [
            {
                "type": "itemgrid",
                "h_alignment": "center",
                "item_margin": "1,1",
				"item_size": 50,
                "rows": [
                    [ "catch", "frost", "douse", "lift"],
					[ "force", "halt", "cloak", "carry"]
                ]
            },
			{
                "type": "itemgrid",
                "h_alignment": "center",
                "item_margin": "5,1",
				"item_size": 40,
                "rows": [
                    ["whirlwind","reveal","ply"]
                ]
            } 
        ]
    },
	"capture_grid": {
        "type":"array",
        "orientation": "horizontal",
        "content": [
            {
                "type": "itemgrid",
                "h_alignment": "center",
                "item_margin": "1,1",
				"item_size": 50,
                "rows": [
                    ["herb", "nut", "corn", "vial", "potion"]
                ]
            }            
        ]
    }
}
}