{
    "tracker_broadcast": {
        "type": "array",
		"orientation": "horizontal",
        "v_alignment": "center",
        "dropshadow": true,
        "margin": "10",
        "content": [
            {
                "type": "array",
                "orientation": "vertical",
                "content": [
                    {
                        "type": "layout",
                        "key": "keyitem_grid",
                    },
                    {
                        "type": "layout",
                        "key": "psynergy_grid",
                    }
                ]
            },
			{
                "type": "layout",
                "key": "djinn_grid_broadcast",
                "v_alignment": "center",
            },
			
        ]
    }
}