{    
    "tracker_default": {
        "type": "container",
        "background": "#877373",
        "content": {
            "type": "dock",
            "dropshadow": true,
            "content": [
                {
                    "type": "dock",
                    "dock": "left",
                    "content": [
						{
                            "type": "group",
                            "header": "Items",
                            "margin": "0,0,0,5",
                            "dock": "top",
                            "content": {
                                "type": "layout",
                                "key": "keyitem_grid",
								"h_alignment": "center",
								
                            }
                        },
                        {
                            "type": "group",
                            "header": "Psynergy",
                            "margin": "0,0,0,5",
                            "dock": "top",
                            "content": {
                                "type": "layout",
                                "key": "psynergy_grid",
								"h_alignment": "center",
								
                            }
                        },
                        {
                            "type": "group",
                            "header": "Djinn",
                            "margin": "0,0,0,5",
                            "dock": "top",
                            "content": {
                                "type": "layout",
                                "key": "djinn_grid",
								"h_alignment": "center",
								
                            }
                        },
                        {
                            "type": "group",
                            "header": "Pinned Locations",
                            "content": {
                                "type": "recentpins",
                                "style": "wrap",
								"width": 200,
                                "h_alignment": "stretch",
                                "v_alignment": "stretch",
                                "orientation": "vertical",
                                "compact": true
                            }
                        }
                    ]
                },
               {
				  "type": "scroll",
				  "horizontal_scrollbar_visibility": "disabled",
				  "content": [
					{
					  "type": "map",
					  "height": 2192,
					  "maps": [
						"weyard"
					  ]
					}
				  ]
				}
            ]
        }
    }
}